resell_id,buyer_id,interest_datetime,ticket_id,event_id,ticket_category,sold
1,1,2025-06-05 00:00:00,1000000001241.0,,,False
2,2,2026-06-15 00:00:00,,242.0,VIP,False
3,3,2027-06-07 00:00:00,1000000001517.0,,,False
4,4,2026-05-20 00:00:00,,241.0,VIP,False
5,5,2027-06-03 00:00:00,1000000001431.0,,,False
6,6,2026-05-22 00:00:00,,236.0,VIP,False
7,7,2025-05-23 00:00:00,,230.0,general_entry,False
8,8,2025-06-12 00:00:00,1000000000702.0,,,False
9,9,2026-05-31 00:00:00,1000000001538.0,,,False
10,10,2028-05-29 00:00:00,,260.0,general_entry,False
11,11,2028-06-02 00:00:00,1000000002051.0,,,False
12,12,2025-06-11 00:00:00,,229.0,general_entry,False
13,13,2025-05-20 00:00:00,,231.0,general_entry,False
14,14,2029-06-03 00:00:00,1000000002099.0,,,False
15,15,2026-05-25 00:00:00,,242.0,backstage,False
16,16,2026-05-19 00:00:00,1000000001869.0,,,False
17,17,2029-05-23 00:00:00,1000000002078.0,,,False
18,18,2025-05-27 00:00:00,1000000000974.0,,,False
19,19,2029-05-24 00:00:00,1000000002036.0,,,False
20,20,2027-05-17 00:00:00,,244.0,general_entry,False
21,21,2025-05-26 00:00:00,,226.0,VIP,False
22,22,2025-06-03 00:00:00,,230.0,backstage,False
23,23,2025-05-29 00:00:00,1000000001139.0,,,False
24,24,2026-06-10 00:00:00,,237.0,general_entry,False
25,25,2028-06-06 00:00:00,1000000001755.0,,,False
26,26,2026-06-02 00:00:00,1000000002096.0,,,False
27,27,2027-05-31 00:00:00,1000000001714.0,,,False
28,28,2025-06-08 00:00:00,1000000001207.0,,,False
29,29,2029-06-09 00:00:00,,265.0,backstage,False
30,30,2026-06-10 00:00:00,,236.0,general_entry,False
31,31,2026-06-14 00:00:00,1000000001436.0,,,False
32,32,2027-05-20 00:00:00,,250.0,backstage,False
33,33,2025-05-21 00:00:00,1000000000981.0,,,False
34,34,2026-06-14 00:00:00,1000000001779.0,,,False
35,35,2025-05-21 00:00:00,1000000001329.0,,,False
36,36,2028-05-28 00:00:00,,260.0,general_entry,False
37,37,2025-06-05 00:00:00,,228.0,VIP,False
38,38,2027-06-12 00:00:00,,251.0,VIP,False
39,39,2026-05-25 00:00:00,1000000001774.0,,,False
40,40,2028-05-31 00:00:00,1000000001732.0,,,False
41,41,2028-05-26 00:00:00,1000000001703.0,,,False
42,42,2029-06-14 00:00:00,1000000001863.0,,,False
43,43,2025-06-15 00:00:00,1000000000716.0,,,False
44,44,2026-06-01 00:00:00,1000000002096.0,,,False
45,45,2025-05-30 00:00:00,1000000000829.0,,,False
46,46,2027-05-22 00:00:00,1000000001912.0,,,False
47,47,2029-06-04 00:00:00,1000000001932.0,,,False
48,48,2026-06-11 00:00:00,,239.0,general_entry,False
49,49,2026-06-05 00:00:00,1000000001771.0,,,False
50,50,2025-06-02 00:00:00,,229.0,general_entry,False
51,51,2027-06-03 00:00:00,1000000001758.0,,,False
52,52,2026-05-24 00:00:00,1000000001771.0,,,False
53,53,2025-05-16 00:00:00,,226.0,backstage,False
54,54,2028-06-12 00:00:00,,260.0,VIP,False
55,55,2028-06-02 00:00:00,,260.0,general_entry,False
56,56,2025-05-25 00:00:00,,230.0,general_entry,False
57,57,2025-06-11 00:00:00,,233.0,backstage,False
58,58,2025-06-10 00:00:00,,232.0,general_entry,False
59,59,2028-05-24 00:00:00,,253.0,backstage,False
60,60,2029-06-10 00:00:00,,267.0,general_entry,False
61,61,2025-05-27 00:00:00,,228.0,general_entry,False
62,62,2025-05-22 00:00:00,1000000000851.0,,,False
63,63,2026-06-14 00:00:00,1000000001487.0,,,False
64,64,2027-06-04 00:00:00,,252.0,backstage,False
65,65,2026-06-01 00:00:00,,238.0,backstage,False
66,66,2029-05-18 00:00:00,1000000001510.0,,,False
67,67,2025-05-30 00:00:00,1000000000956.0,,,False
68,68,2029-06-15 00:00:00,1000000001822.0,,,False
69,69,2027-05-28 00:00:00,1000000001431.0,,,False
70,70,2029-05-19 00:00:00,,269.0,general_entry,False
71,71,2027-05-29 00:00:00,1000000001597.0,,,False
72,72,2025-05-24 00:00:00,1000000000973.0,,,False
73,73,2028-06-10 00:00:00,1000000001911.0,,,False
74,74,2028-06-09 00:00:00,1000000001846.0,,,False
75,75,2025-05-21 00:00:00,,233.0,VIP,False
76,76,2028-06-13 00:00:00,,260.0,backstage,False
77,77,2027-06-13 00:00:00,1000000001450.0,,,False
78,78,2028-06-04 00:00:00,1000000002043.0,,,False
79,79,2027-06-11 00:00:00,,250.0,general_entry,False
80,80,2025-05-24 00:00:00,,228.0,backstage,False
81,81,2028-06-05 00:00:00,1000000001747.0,,,False
82,82,2026-05-30 00:00:00,,238.0,VIP,False
83,83,2026-05-27 00:00:00,1000000001708.0,,,False
84,84,2025-06-12 00:00:00,1000000000838.0,,,False
85,85,2026-06-04 00:00:00,,241.0,backstage,False
86,86,2028-05-31 00:00:00,1000000001755.0,,,False
87,87,2025-05-26 00:00:00,1000000000976.0,,,False
88,88,2027-06-05 00:00:00,,250.0,general_entry,False
89,89,2027-06-02 00:00:00,,249.0,VIP,False
90,90,2028-06-03 00:00:00,1000000001721.0,,,False
91,91,2029-05-26 00:00:00,1000000001547.0,,,False
92,92,2028-06-04 00:00:00,,261.0,backstage,False
93,93,2028-05-18 00:00:00,1000000001908.0,,,False
94,94,2028-06-11 00:00:00,,257.0,VIP,False
95,95,2025-06-14 00:00:00,,234.0,VIP,False
96,96,2025-06-06 00:00:00,,231.0,backstage,False
97,97,2025-06-02 00:00:00,1000000000920.0,,,False
98,98,2025-05-29 00:00:00,,233.0,general_entry,False
99,99,2026-05-29 00:00:00,,241.0,VIP,False
100,100,2027-05-23 00:00:00,1000000001729.0,,,False
101,101,2029-06-09 00:00:00,1000000001585.0,,,False
102,102,2025-06-02 00:00:00,,229.0,backstage,False
103,103,2027-05-27 00:00:00,1000000001751.0,,,False
104,104,2027-05-19 00:00:00,,247.0,backstage,False
105,105,2028-05-29 00:00:00,1000000001466.0,,,False
106,106,2029-05-25 00:00:00,,269.0,general_entry,False
107,107,2029-05-25 00:00:00,1000000001580.0,,,False
108,108,2027-06-06 00:00:00,1000000001799.0,,,False
109,109,2029-05-26 00:00:00,1000000002073.0,,,False
110,110,2028-06-03 00:00:00,1000000001644.0,,,False
111,111,2028-06-05 00:00:00,1000000001732.0,,,False
112,112,2025-06-02 00:00:00,,226.0,general_entry,False
113,113,2026-05-20 00:00:00,1000000001788.0,,,False
114,114,2026-05-31 00:00:00,,240.0,general_entry,False
115,115,2028-06-03 00:00:00,1000000001681.0,,,False
116,116,2027-05-24 00:00:00,1000000001806.0,,,False
117,117,2029-06-09 00:00:00,1000000001841.0,,,False
118,118,2029-06-03 00:00:00,1000000001829.0,,,False
119,119,2028-05-31 00:00:00,1000000001437.0,,,False
120,120,2025-06-12 00:00:00,,228.0,general_entry,False
121,121,2026-06-01 00:00:00,,243.0,VIP,False
122,122,2028-06-03 00:00:00,1000000002081.0,,,False
123,123,2027-05-20 00:00:00,,249.0,backstage,False
124,124,2027-05-27 00:00:00,1000000001663.0,,,False
125,125,2029-06-03 00:00:00,,263.0,general_entry,False
126,126,2026-05-31 00:00:00,,242.0,backstage,False
127,127,2028-05-30 00:00:00,1000000001537.0,,,False
128,128,2026-06-04 00:00:00,1000000001952.0,,,False
129,129,2028-06-13 00:00:00,,256.0,general_entry,False
130,130,2026-05-27 00:00:00,,242.0,backstage,False
131,131,2025-05-26 00:00:00,,234.0,backstage,False
132,132,2028-05-30 00:00:00,,253.0,general_entry,False
133,133,2028-05-29 00:00:00,,258.0,VIP,False
134,134,2025-05-23 00:00:00,1000000001118.0,,,False
135,135,2027-05-29 00:00:00,,252.0,VIP,False
136,136,2027-06-05 00:00:00,1000000001810.0,,,False
137,137,2028-06-10 00:00:00,1000000001905.0,,,False
138,138,2027-06-05 00:00:00,,250.0,general_entry,False
139,139,2025-06-06 00:00:00,1000000001266.0,,,False
140,140,2026-05-31 00:00:00,,239.0,general_entry,False
141,141,2028-05-29 00:00:00,1000000002087.0,,,False
142,142,2025-05-28 00:00:00,,226.0,general_entry,False
143,143,2027-06-11 00:00:00,1000000002046.0,,,False
144,144,2026-06-08 00:00:00,,242.0,general_entry,False
145,145,2027-06-11 00:00:00,,251.0,general_entry,False
146,146,2028-05-22 00:00:00,1000000002000.0,,,False
147,147,2029-06-02 00:00:00,,270.0,backstage,False
148,148,2025-05-30 00:00:00,,231.0,backstage,False
149,149,2027-06-12 00:00:00,,249.0,VIP,False
150,150,2026-06-02 00:00:00,1000000001807.0,,,False
151,151,2027-06-06 00:00:00,,250.0,backstage,False
152,152,2026-05-24 00:00:00,,238.0,general_entry,False
153,153,2027-05-25 00:00:00,1000000001635.0,,,False
154,154,2025-05-29 00:00:00,1000000000773.0,,,False
155,155,2028-06-05 00:00:00,,259.0,general_entry,False
156,156,2029-06-14 00:00:00,1000000001899.0,,,False
157,157,2026-05-30 00:00:00,,241.0,backstage,False
158,158,2028-05-21 00:00:00,,261.0,backstage,False
159,159,2029-05-22 00:00:00,,268.0,backstage,False
160,160,2025-05-28 00:00:00,1000000001333.0,,,False
161,161,2025-06-04 00:00:00,,232.0,general_entry,False
162,162,2025-05-28 00:00:00,,228.0,general_entry,False
163,163,2028-06-11 00:00:00,,260.0,backstage,False
164,164,2026-06-08 00:00:00,,237.0,backstage,False
165,165,2028-06-03 00:00:00,,254.0,general_entry,False
166,166,2026-05-29 00:00:00,,241.0,VIP,False
167,167,2029-05-23 00:00:00,,265.0,general_entry,False
168,168,2026-05-25 00:00:00,1000000001512.0,,,False
169,169,2028-05-31 00:00:00,,253.0,backstage,False
170,170,2028-06-05 00:00:00,1000000001619.0,,,False
171,171,2025-06-13 00:00:00,1000000000775.0,,,False
172,172,2028-05-20 00:00:00,,257.0,VIP,False
173,173,2028-06-12 00:00:00,1000000001537.0,,,False
174,174,2027-05-22 00:00:00,1000000001592.0,,,False
175,175,2027-05-17 00:00:00,1000000001767.0,,,False
176,176,2026-05-22 00:00:00,,243.0,VIP,False
177,177,2025-05-31 00:00:00,,227.0,general_entry,False
178,178,2026-06-04 00:00:00,,235.0,general_entry,False
179,179,2025-05-29 00:00:00,,227.0,backstage,False
180,180,2025-05-20 00:00:00,,226.0,general_entry,False
181,181,2026-05-17 00:00:00,,239.0,backstage,False
182,182,2029-05-24 00:00:00,,268.0,backstage,False
183,183,2027-05-22 00:00:00,,252.0,general_entry,False
184,184,2029-05-24 00:00:00,1000000001518.0,,,False
185,185,2026-06-07 00:00:00,,235.0,backstage,False
186,186,2027-05-17 00:00:00,,245.0,VIP,False
187,187,2027-06-12 00:00:00,,248.0,VIP,False
188,188,2026-06-02 00:00:00,,238.0,backstage,False
189,189,2028-06-11 00:00:00,,256.0,general_entry,False
190,190,2027-05-21 00:00:00,,249.0,VIP,False
191,191,2026-05-26 00:00:00,1000000001768.0,,,False
192,192,2029-05-27 00:00:00,,264.0,backstage,False
193,193,2025-05-17 00:00:00,,227.0,general_entry,False
194,194,2025-06-02 00:00:00,,228.0,VIP,False
195,195,2027-06-09 00:00:00,,252.0,general_entry,False
196,196,2027-06-13 00:00:00,1000000001876.0,,,False
197,197,2027-05-27 00:00:00,,244.0,backstage,False
198,198,2025-05-24 00:00:00,1000000000727.0,,,False
199,199,2028-05-29 00:00:00,1000000001871.0,,,False
200,200,2026-06-04 00:00:00,,241.0,backstage,False
201,201,2029-05-16 00:00:00,1000000001652.0,,,False
202,202,2028-06-09 00:00:00,1000000001612.0,,,False
203,203,2025-06-13 00:00:00,,234.0,backstage,False
204,204,2027-06-10 00:00:00,1000000001694.0,,,False
205,205,2027-05-21 00:00:00,1000000001478.0,,,False
206,206,2027-05-20 00:00:00,1000000001592.0,,,False
207,207,2025-06-06 00:00:00,1000000001339.0,,,False
208,208,2027-06-06 00:00:00,,248.0,backstage,False
209,209,2025-05-30 00:00:00,1000000000843.0,,,False
210,210,2029-06-03 00:00:00,1000000001585.0,,,False
211,211,2026-05-23 00:00:00,,235.0,backstage,False
212,212,2029-05-22 00:00:00,,266.0,backstage,False
213,213,2026-06-03 00:00:00,,235.0,general_entry,False
214,214,2029-05-26 00:00:00,1000000001942.0,,,False
215,215,2029-05-16 00:00:00,,263.0,general_entry,False
216,216,2028-05-26 00:00:00,,260.0,backstage,False
217,217,2026-06-03 00:00:00,1000000001851.0,,,False
218,218,2025-06-03 00:00:00,1000000001097.0,,,False
219,219,2028-06-12 00:00:00,1000000001879.0,,,False
220,220,2027-05-17 00:00:00,,249.0,backstage,False
221,221,2026-06-02 00:00:00,,236.0,general_entry,False
222,222,2027-06-07 00:00:00,1000000002050.0,,,False
223,223,2028-06-08 00:00:00,1000000001550.0,,,False
224,224,2028-05-29 00:00:00,1000000001781.0,,,False
225,225,2027-06-02 00:00:00,1000000002016.0,,,False
226,226,2027-06-03 00:00:00,1000000001504.0,,,False
227,227,2026-06-03 00:00:00,1000000001715.0,,,False
228,228,2028-05-30 00:00:00,1000000001575.0,,,False
229,229,2026-05-25 00:00:00,1000000001520.0,,,False
230,230,2026-05-25 00:00:00,,237.0,general_entry,False
231,231,2025-06-11 00:00:00,1000000000801.0,,,False
232,232,2025-05-25 00:00:00,1000000000801.0,,,False
233,233,2025-06-04 00:00:00,1000000000999.0,,,False
234,234,2026-06-03 00:00:00,,235.0,VIP,False
235,235,2027-05-23 00:00:00,1000000001469.0,,,False
236,236,2027-06-08 00:00:00,,249.0,general_entry,False
237,237,2027-06-11 00:00:00,1000000001884.0,,,False
238,238,2026-05-21 00:00:00,,240.0,backstage,False
239,239,2028-05-22 00:00:00,1000000001484.0,,,False
240,240,2027-06-08 00:00:00,1000000001806.0,,,False
241,241,2025-05-18 00:00:00,,230.0,backstage,False
242,242,2026-06-05 00:00:00,,235.0,general_entry,False
243,243,2027-05-23 00:00:00,1000000001794.0,,,False
244,244,2029-05-24 00:00:00,,264.0,general_entry,False
245,245,2028-06-10 00:00:00,,261.0,general_entry,False
246,246,2026-05-20 00:00:00,,242.0,general_entry,False
247,247,2026-05-28 00:00:00,1000000001807.0,,,False
248,248,2026-05-25 00:00:00,1000000001498.0,,,False
249,249,2025-05-26 00:00:00,1000000001222.0,,,False
250,250,2028-05-24 00:00:00,,256.0,backstage,False
251,251,2029-06-06 00:00:00,,265.0,backstage,False
252,252,2029-06-07 00:00:00,,263.0,backstage,False
253,253,2025-06-05 00:00:00,,229.0,VIP,False
254,254,2027-06-11 00:00:00,,246.0,VIP,False
255,255,2028-06-13 00:00:00,1000000001793.0,,,False
256,256,2027-06-05 00:00:00,1000000002044.0,,,False
257,257,2029-05-30 00:00:00,,267.0,general_entry,False
258,258,2027-06-11 00:00:00,1000000001473.0,,,False
259,259,2027-05-29 00:00:00,,247.0,backstage,False
260,260,2028-05-31 00:00:00,1000000001695.0,,,False
261,261,2028-06-11 00:00:00,,253.0,VIP,False
262,262,2026-05-21 00:00:00,,240.0,VIP,False
263,263,2027-05-21 00:00:00,,250.0,general_entry,False
264,264,2026-06-09 00:00:00,1000000002092.0,,,False
265,265,2027-05-21 00:00:00,1000000002095.0,,,False
266,266,2028-05-16 00:00:00,1000000001785.0,,,False
267,267,2027-05-30 00:00:00,1000000001955.0,,,False
268,268,2026-06-10 00:00:00,,238.0,general_entry,False
269,269,2027-05-17 00:00:00,,248.0,backstage,False
270,270,2029-06-03 00:00:00,,268.0,VIP,False
271,271,2029-05-22 00:00:00,,267.0,VIP,False
272,272,2029-05-29 00:00:00,1000000001506.0,,,False
273,273,2027-05-22 00:00:00,1000000001593.0,,,False
274,274,2028-05-31 00:00:00,,260.0,VIP,False
275,275,2026-06-12 00:00:00,1000000002039.0,,,False
276,276,2027-05-25 00:00:00,1000000001428.0,,,False
277,277,2026-06-12 00:00:00,,242.0,backstage,False
278,278,2025-05-17 00:00:00,1000000000978.0,,,False
279,279,2027-05-27 00:00:00,,245.0,VIP,False
280,280,2026-05-30 00:00:00,,238.0,general_entry,False
281,281,2028-05-16 00:00:00,,255.0,VIP,False
282,282,2025-05-29 00:00:00,1000000001298.0,,,False
283,283,2027-05-21 00:00:00,,252.0,backstage,False
284,284,2025-06-05 00:00:00,1000000001333.0,,,False
285,285,2025-06-11 00:00:00,1000000001159.0,,,False
286,286,2029-05-31 00:00:00,1000000001702.0,,,False
287,287,2027-05-20 00:00:00,,249.0,VIP,False
288,288,2025-05-26 00:00:00,,231.0,VIP,False
289,289,2025-06-07 00:00:00,1000000000773.0,,,False
290,290,2027-06-03 00:00:00,,252.0,general_entry,False
291,291,2026-05-31 00:00:00,,240.0,general_entry,False
292,292,2025-06-02 00:00:00,1000000000731.0,,,False
293,293,2026-06-02 00:00:00,1000000001613.0,,,False
294,294,2029-05-19 00:00:00,,264.0,backstage,False
295,295,2027-05-20 00:00:00,1000000001825.0,,,False
296,296,2029-06-15 00:00:00,,270.0,VIP,False
297,297,2029-05-19 00:00:00,,269.0,backstage,False
298,298,2028-05-26 00:00:00,1000000001464.0,,,False
299,299,2028-06-06 00:00:00,,261.0,general_entry,False
300,300,2029-06-07 00:00:00,,262.0,backstage,False
301,301,2025-05-30 00:00:00,,228.0,backstage,False
302,302,2026-05-22 00:00:00,1000000001856.0,,,False
303,303,2026-05-30 00:00:00,,241.0,general_entry,False
304,304,2029-05-19 00:00:00,1000000002026.0,,,False
305,305,2025-05-25 00:00:00,1000000001382.0,,,False
306,306,2026-06-05 00:00:00,1000000002021.0,,,False
307,307,2025-05-18 00:00:00,1000000001108.0,,,False
308,308,2029-05-24 00:00:00,1000000001997.0,,,False
309,309,2029-06-11 00:00:00,,268.0,general_entry,False
310,310,2026-06-10 00:00:00,1000000001849.0,,,False
311,311,2029-06-07 00:00:00,1000000002010.0,,,False
312,312,2027-06-15 00:00:00,1000000001588.0,,,False
313,313,2025-06-08 00:00:00,,233.0,backstage,False
314,314,2029-06-13 00:00:00,,264.0,general_entry,False
315,315,2028-06-01 00:00:00,1000000001619.0,,,False
316,316,2028-06-13 00:00:00,1000000001569.0,,,False
317,317,2029-05-29 00:00:00,1000000001443.0,,,False
318,318,2025-05-30 00:00:00,1000000001192.0,,,False
319,319,2028-06-04 00:00:00,,257.0,general_entry,False
320,320,2027-05-24 00:00:00,1000000002012.0,,,False
321,321,2028-06-04 00:00:00,1000000001631.0,,,False
322,322,2028-06-06 00:00:00,1000000001836.0,,,False
323,323,2025-06-08 00:00:00,,233.0,backstage,False
324,324,2025-05-19 00:00:00,1000000001207.0,,,False
325,325,2026-06-06 00:00:00,,238.0,general_entry,False
326,326,2029-06-06 00:00:00,1000000001950.0,,,False
327,327,2026-06-06 00:00:00,,240.0,VIP,False
328,328,2026-06-03 00:00:00,1000000001600.0,,,False
329,329,2027-06-05 00:00:00,,246.0,general_entry,False
330,330,2026-06-07 00:00:00,,240.0,general_entry,False
331,331,2026-06-03 00:00:00,,235.0,backstage,False
332,332,2025-06-03 00:00:00,,234.0,VIP,False
333,333,2026-06-13 00:00:00,,243.0,general_entry,False
334,334,2029-05-19 00:00:00,1000000001639.0,,,False
335,335,2029-05-26 00:00:00,,267.0,backstage,False
336,336,2029-05-30 00:00:00,1000000002036.0,,,False
337,337,2026-05-31 00:00:00,,235.0,backstage,False
338,338,2027-05-21 00:00:00,,244.0,backstage,False
339,339,2026-06-04 00:00:00,1000000001630.0,,,False
340,340,2026-06-08 00:00:00,,243.0,backstage,False
341,341,2025-06-01 00:00:00,,230.0,general_entry,False
342,342,2029-05-29 00:00:00,1000000001886.0,,,False
343,343,2027-05-24 00:00:00,1000000001894.0,,,False
344,344,2029-06-10 00:00:00,,265.0,backstage,False
345,345,2025-05-20 00:00:00,1000000000838.0,,,False
346,346,2026-06-06 00:00:00,1000000001581.0,,,False
347,347,2025-06-11 00:00:00,1000000001378.0,,,False
348,348,2025-05-18 00:00:00,,229.0,backstage,False
349,349,2029-05-21 00:00:00,,263.0,general_entry,False
350,350,2027-06-14 00:00:00,,250.0,VIP,False
351,351,2027-06-07 00:00:00,1000000001945.0,,,False
352,352,2027-05-23 00:00:00,1000000001847.0,,,False
353,353,2029-05-25 00:00:00,,262.0,general_entry,False
354,354,2029-05-25 00:00:00,1000000001711.0,,,False
355,355,2028-06-09 00:00:00,1000000002015.0,,,False
356,356,2025-05-18 00:00:00,,228.0,general_entry,False
357,357,2026-05-26 00:00:00,,235.0,VIP,False
358,358,2027-06-11 00:00:00,,249.0,general_entry,False
359,359,2026-06-06 00:00:00,,239.0,backstage,False
360,360,2028-05-29 00:00:00,,254.0,general_entry,False
361,361,2027-06-14 00:00:00,,251.0,VIP,False
362,362,2028-05-22 00:00:00,1000000001780.0,,,False
363,363,2028-06-02 00:00:00,,255.0,general_entry,False
364,364,2025-06-15 00:00:00,1000000000853.0,,,False
365,365,2026-05-23 00:00:00,,238.0,general_entry,False
366,366,2025-06-03 00:00:00,1000000001249.0,,,False
367,367,2029-05-31 00:00:00,1000000001717.0,,,False
368,368,2028-05-24 00:00:00,,260.0,backstage,False
369,369,2027-06-01 00:00:00,1000000001773.0,,,False
370,370,2027-05-24 00:00:00,1000000001434.0,,,False
371,371,2028-05-29 00:00:00,1000000001803.0,,,False
372,372,2025-06-12 00:00:00,1000000000801.0,,,False
373,373,2029-05-30 00:00:00,1000000001842.0,,,False
374,374,2025-06-13 00:00:00,1000000000711.0,,,False
375,375,2027-06-08 00:00:00,,246.0,backstage,False
376,376,2029-06-03 00:00:00,,264.0,VIP,False
377,377,2029-06-06 00:00:00,,265.0,VIP,False
378,378,2028-05-30 00:00:00,1000000001781.0,,,False
379,379,2027-05-21 00:00:00,,251.0,VIP,False
380,380,2029-06-12 00:00:00,1000000001946.0,,,False
381,381,2027-05-31 00:00:00,,244.0,general_entry,False
382,382,2025-05-27 00:00:00,,234.0,general_entry,False
383,383,2029-06-01 00:00:00,,266.0,VIP,False
384,384,2028-05-21 00:00:00,1000000001883.0,,,False
385,385,2029-06-04 00:00:00,,269.0,backstage,False
386,386,2025-05-25 00:00:00,,233.0,general_entry,False
387,387,2029-06-06 00:00:00,,265.0,general_entry,False
388,388,2026-05-31 00:00:00,1000000001688.0,,,False
389,389,2027-05-17 00:00:00,1000000001850.0,,,False
390,390,2028-06-12 00:00:00,1000000002029.0,,,False
391,391,2025-06-12 00:00:00,,230.0,VIP,False
392,392,2027-05-27 00:00:00,,251.0,backstage,False
393,393,2026-06-02 00:00:00,,242.0,general_entry,False
394,394,2029-05-17 00:00:00,1000000001899.0,,,False
395,395,2026-06-01 00:00:00,,236.0,general_entry,False
396,396,2029-06-10 00:00:00,1000000001802.0,,,False
397,397,2027-06-10 00:00:00,1000000001469.0,,,False
398,398,2027-05-26 00:00:00,,245.0,VIP,False
399,399,2029-06-02 00:00:00,,265.0,VIP,False
400,400,2029-06-01 00:00:00,,264.0,backstage,False
401,401,2026-06-09 00:00:00,,237.0,general_entry,False
402,402,2027-06-05 00:00:00,1000000001718.0,,,False
403,403,2029-05-28 00:00:00,,270.0,backstage,False
404,404,2027-05-25 00:00:00,1000000001714.0,,,False
405,405,2026-06-04 00:00:00,,240.0,backstage,False
406,406,2027-05-18 00:00:00,1000000001592.0,,,False
407,407,2027-06-03 00:00:00,1000000001669.0,,,False
408,408,2027-05-28 00:00:00,,251.0,backstage,False
409,409,2027-06-11 00:00:00,,245.0,VIP,False
410,410,2029-05-26 00:00:00,,264.0,general_entry,False
411,411,2025-05-18 00:00:00,,233.0,VIP,False
412,412,2029-06-08 00:00:00,1000000001451.0,,,False
413,413,2029-06-11 00:00:00,,267.0,backstage,False
414,414,2026-05-27 00:00:00,1000000001565.0,,,False
415,415,2026-06-07 00:00:00,,235.0,general_entry,False
416,416,2028-06-09 00:00:00,1000000001430.0,,,False
417,417,2027-05-17 00:00:00,1000000002095.0,,,False
418,418,2026-06-07 00:00:00,,238.0,backstage,False
419,419,2027-06-10 00:00:00,1000000002085.0,,,False
420,420,2027-05-30 00:00:00,1000000001718.0,,,False
421,421,2027-06-05 00:00:00,,251.0,VIP,False
422,422,2025-06-04 00:00:00,,227.0,VIP,False
423,423,2025-06-06 00:00:00,1000000001349.0,,,False
424,424,2025-05-23 00:00:00,,234.0,backstage,False
425,425,2028-06-01 00:00:00,,259.0,VIP,False
426,426,2025-06-04 00:00:00,,234.0,VIP,False
427,427,2025-05-25 00:00:00,1000000001283.0,,,False
428,428,2027-05-27 00:00:00,1000000001894.0,,,False
429,429,2027-06-03 00:00:00,1000000001471.0,,,False
430,430,2026-05-17 00:00:00,,239.0,VIP,False
431,431,2027-06-06 00:00:00,,244.0,VIP,False
432,432,2025-06-05 00:00:00,1000000000896.0,,,False
433,433,2025-06-11 00:00:00,1000000001186.0,,,False
434,434,2025-05-29 00:00:00,1000000001399.0,,,False
435,435,2025-05-18 00:00:00,,230.0,general_entry,False
436,436,2026-05-18 00:00:00,1000000001988.0,,,False
437,437,2025-06-11 00:00:00,1000000001283.0,,,False
438,438,2026-06-10 00:00:00,1000000002039.0,,,False
439,439,2028-05-24 00:00:00,,254.0,backstage,False
440,440,2026-06-12 00:00:00,1000000001630.0,,,False
441,441,2026-05-26 00:00:00,1000000001801.0,,,False
442,442,2025-06-02 00:00:00,,233.0,general_entry,False
443,443,2029-06-08 00:00:00,1000000002053.0,,,False
444,444,2027-06-06 00:00:00,1000000001937.0,,,False
445,445,2026-05-26 00:00:00,,243.0,general_entry,False
446,446,2027-05-30 00:00:00,,251.0,general_entry,False
447,447,2027-05-25 00:00:00,,250.0,general_entry,False
448,448,2029-05-18 00:00:00,1000000001962.0,,,False
449,449,2026-06-11 00:00:00,,242.0,general_entry,False
450,450,2025-06-11 00:00:00,,226.0,general_entry,False
451,451,2028-05-29 00:00:00,,261.0,backstage,False
452,452,2026-06-02 00:00:00,1000000001489.0,,,False
453,453,2029-06-04 00:00:00,,267.0,VIP,False
454,454,2029-06-09 00:00:00,,265.0,VIP,False
455,455,2027-05-21 00:00:00,1000000002067.0,,,False
456,456,2026-06-07 00:00:00,,236.0,VIP,False
457,457,2025-06-07 00:00:00,,227.0,general_entry,False
458,458,2028-06-02 00:00:00,1000000001442.0,,,False
459,459,2028-06-01 00:00:00,,257.0,backstage,False
460,460,2028-05-23 00:00:00,,255.0,backstage,False
461,461,2027-05-31 00:00:00,,247.0,general_entry,False
462,462,2025-06-03 00:00:00,,228.0,backstage,False
463,463,2025-05-28 00:00:00,,234.0,VIP,False
464,464,2029-05-20 00:00:00,1000000001447.0,,,False
465,465,2025-05-28 00:00:00,1000000001339.0,,,False
466,466,2028-05-22 00:00:00,,253.0,backstage,False
467,467,2027-06-09 00:00:00,1000000001549.0,,,False
468,468,2026-05-24 00:00:00,1000000001687.0,,,False
469,469,2029-05-23 00:00:00,,268.0,backstage,False
470,470,2028-06-11 00:00:00,1000000001491.0,,,False
471,471,2027-06-14 00:00:00,1000000002069.0,,,False
472,472,2028-05-24 00:00:00,,255.0,general_entry,False
473,473,2025-05-18 00:00:00,,227.0,general_entry,False
474,474,2026-06-03 00:00:00,,237.0,backstage,False
475,475,2028-05-29 00:00:00,1000000001521.0,,,False
476,476,2029-05-27 00:00:00,1000000002033.0,,,False
477,477,2027-06-11 00:00:00,,251.0,VIP,False
478,478,2028-05-29 00:00:00,1000000001800.0,,,False
479,479,2026-05-27 00:00:00,1000000001525.0,,,False
480,480,2029-06-06 00:00:00,,264.0,VIP,False
481,481,2029-06-04 00:00:00,1000000001453.0,,,False
482,482,2026-06-05 00:00:00,,241.0,backstage,False
483,483,2027-05-31 00:00:00,1000000001663.0,,,False
484,484,2025-05-26 00:00:00,,230.0,general_entry,False
485,485,2029-06-07 00:00:00,,262.0,general_entry,False
486,486,2028-06-10 00:00:00,1000000001507.0,,,False
487,487,2029-06-11 00:00:00,1000000001574.0,,,False
488,488,2029-06-03 00:00:00,1000000002001.0,,,False
489,489,2027-06-09 00:00:00,1000000001588.0,,,False
490,490,2027-06-09 00:00:00,1000000001819.0,,,False
491,491,2025-05-28 00:00:00,,232.0,VIP,False
492,492,2027-06-04 00:00:00,1000000001794.0,,,False
493,493,2029-06-13 00:00:00,1000000002073.0,,,False
494,494,2025-05-17 00:00:00,1000000000974.0,,,False
495,495,2027-06-11 00:00:00,1000000002050.0,,,False
496,496,2025-06-13 00:00:00,,228.0,general_entry,False
497,497,2028-06-14 00:00:00,1000000002060.0,,,False
498,498,2028-06-15 00:00:00,1000000002080.0,,,False
499,499,2028-06-11 00:00:00,1000000002038.0,,,False
500,500,2028-06-10 00:00:00,,255.0,backstage,False
